{
  "fragile": {
    "timing": {
      "cv_ms": 12.219429016113281,
      "ml_ms": 27.093887329101562,
      "rag_ms": 33.92815589904785,
      "total_ms": 73.25387001037598
    },
    "detections": [
      {
        "class": "FRAGILE",
        "confidence": 0.918,
        "bbox": [
          27,
          115,
          587,
          305
        ],
        "center": [
          273,
          287
        ]
      }
    ],
    "rag_answers": [
      {
        "class": "FRAGILE",
        "question": "How should the robot handle fragile items safely?",
        "citations": [
          "DOC-001: Fragile Item Handling",
          "DOC-002: Heavy Item Handling"
        ]
      }
    ]
  },
  "heavy": {
    "timing": {
      "cv_ms": 11.809110641479492,
      "ml_ms": 20.891427993774414,
      "rag_ms": 43.03860664367676,
      "total_ms": 75.75058937072754
    },
    "detections": [
      {
        "class": "FRAGILE",
        "confidence": 0.789,
        "bbox": [
          27,
          77,
          587,
          352
        ],
        "center": [
          282,
          259
        ]
      }
    ],
    "rag_answers": [
      {
        "class": "FRAGILE",
        "question": "How should the robot handle fragile items safely?",
        "citations": [
          "DOC-001: Fragile Item Handling",
          "DOC-002: Heavy Item Handling"
        ]
      }
    ]
  },
  "hazardous": {
    "timing": {
      "cv_ms": 14.481306076049805,
      "ml_ms": 20.22838592529297,
      "rag_ms": 34.319162368774414,
      "total_ms": 69.03791427612305
    },
    "detections": [
      {
        "class": "FRAGILE",
        "confidence": 0.91,
        "bbox": [
          27,
          115,
          587,
          317
        ],
        "center": [
          306,
          306
        ]
      }
    ],
    "rag_answers": [
      {
        "class": "FRAGILE",
        "question": "How should the robot handle fragile items safely?",
        "citations": [
          "DOC-001: Fragile Item Handling",
          "DOC-002: Heavy Item Handling"
        ]
      }
    ]
  },
  "mixed": {
    "timing": {
      "cv_ms": 12.665748596191406,
      "ml_ms": 20.034313201904297,
      "rag_ms": 33.70547294616699,
      "total_ms": 66.41387939453125
    },
    "detections": [
      {
        "class": "FRAGILE",
        "confidence": 0.937,
        "bbox": [
          12,
          141,
          617,
          281
        ],
        "center": [
          319,
          297
        ]
      }
    ],
    "rag_answers": [
      {
        "class": "FRAGILE",
        "question": "How should the robot handle fragile items safely?",
        "citations": [
          "DOC-001: Fragile Item Handling",
          "DOC-002: Heavy Item Handling"
        ]
      }
    ]
  }
}