[
  {
    "id": "DOC-001",
    "title": "Fragile Item Handling Protocol",
    "category": "Handling Instructions",
    "content": "Fragile Item Handling Protocol \u2014 Standard Operating Procedure\n\nFragile items include glassware, electronics, ceramics, precision instruments,\nand any package labelled FRAGILE, HANDLE WITH CARE, or marked with a glass symbol.\n\nGripper Configuration:\n- Use soft-padded foam gripper attachment (Model: GRP-SOFT-200)\n- Set maximum grip force to 15 N \u2014 never exceed this for fragile items\n- Enable tactile feedback mode: sensor threshold 0.2 N/mm\u00b2\n- Approach speed: maximum 0.05 m/s during contact phase\n\nLifting Procedure:\n1. Scan item dimensions before approach; confirm no protruding edges\n2. Lower gripper vertically \u2014 avoid lateral scooping motions\n3. Grip at the widest stable point, never at corners or edges\n4. Lift at a maximum rate of 0.08 m/s vertically\n5. Maintain item below 1.2 m height during transport\n6. Decelerate to 0.03 m/s within 20 cm of destination\n\nPlacement:\n- Set down at 0.03 m/s \u2014 never drop or release abruptly\n- Confirm surface stability before releasing grip\n- Log fragile handling event in warehouse management system (WMS)\n\nProhibited Actions:\n- Do NOT stack fragile items unless explicitly rated for stacking\n- Do NOT exceed 5 km/h robot travel speed while carrying fragile items\n- Do NOT place near heat sources or vibrating machinery"
  },
  {
    "id": "DOC-002",
    "title": "Heavy Item Handling and Weight Limits",
    "category": "Handling Instructions",
    "content": "Heavy Item Handling \u2014 Weight Classification and Robot Limits\n\nWeight Classification:\n- Class A (Light):    0\u201310 kg    \u2192 Standard gripper, any robot unit\n- Class B (Medium):  10\u201330 kg   \u2192 Reinforced gripper, Units R2/R3/R5 only\n- Class C (Heavy):   30\u201380 kg   \u2192 Heavy-duty fork attachment required\n- Class D (Ultra):   80\u2013150 kg  \u2192 Dual-robot lift mode only; supervisor approval needed\n- Items over 150 kg: Manual forklift only \u2014 robot must NOT attempt lift\n\nGripper Arm Maximum Payload:\n- Standard Gripper (GRP-STD-100):    25 kg maximum\n- Reinforced Gripper (GRP-REF-300):  80 kg maximum\n- Fork Attachment (FRK-HVY-500):    150 kg maximum\n\nHeavy Item Protocol:\n1. Weigh item via floor sensor before approach if label absent\n2. Select correct attachment based on weight class\n3. Lower centre of gravity: grip at or below item midpoint\n4. Use two-point contact for items wider than 60 cm\n5. Travel speed limited to 3 km/h for Class C and above\n6. Avoid inclines greater than 5\u00b0 when carrying Class C/D items\n7. Never carry heavy items above conveyor height (1.0 m)\n\nStacking Rules:\n- Heaviest items always on bottom of stack\n- Maximum stack height: 2.5 m\n- Interlock required for stacks above 1.8 m"
  },
  {
    "id": "DOC-003",
    "title": "Hazardous Material Handling \u2014 Robot Guidelines",
    "category": "Handling Instructions",
    "content": "Hazardous Material Handling Protocol\n\nHazard Categories Handled by Robot:\n- Class 1: Flammable liquids (marked with flame symbol)\n- Class 2: Corrosive substances (diamond warning symbol)\n- Class 3: Toxic materials (skull symbol)\n- Class 4: Oxidising agents (circle with flame)\n- Class 5: Compressed gas cylinders\n\nPre-Handling Checklist (MANDATORY):\n1. Confirm hazmat clearance in WMS \u2014 robot MUST receive HAZMAT_CLEAR signal\n2. Verify containment integrity: no visible leaks, dents, or label damage\n3. Activate chemical-resistant gripper coating (spray nozzle A3)\n4. Switch ventilation in handling zone to maximum (fan speed: HIGH)\n5. Alert human supervisor via LED beacon (Red flashing) before starting\n6. Ensure spill containment tray deployed beneath robot arm workspace\n\nDuring Transport:\n- Maximum speed: 2 km/h for Class 1 and 3; 1 km/h for Class 2\n- Keep item level at all times \u2014 tilt sensors must stay below 5\u00b0\n- No sharp turns; minimum turn radius 1.5 m\n- Dedicated hazmat lane must be clear of other robots\n\nPost-Handling:\n- Decontaminate gripper with solvent spray (nozzle B1) for 30 seconds\n- Log hazmat event with timestamp, material class, start/end location\n- Alert supervisor when task complete; await human confirmation\n- Run self-diagnostic on tilt and grip sensors after every hazmat task"
  },
  {
    "id": "DOC-004",
    "title": "Package Sorting and Conveyor Belt Operations",
    "category": "Handling Instructions",
    "content": "Package Sorting Operations \u2014 Robot-Conveyor Integration\n\nConveyor Belt Specifications:\n- Speed range: 0.1 \u2013 1.5 m/s (set via WMS control panel)\n- Maximum package weight: 50 kg per slot\n- Package size limit: 80 cm \u00d7 60 cm \u00d7 60 cm\n- Barcode scanner array at zones: Z1 (intake), Z3 (sort), Z7 (dispatch)\n\nRobot-Conveyor Handoff Protocol:\n1. Robot approaches conveyor at 90\u00b0 angle \u2014 never parallel approach\n2. Synchronise robot arm speed with belt speed before placement\n3. Place item within \u00b12 cm of centre line \u2014 misalignment triggers re-sort\n4. Release grip only after confirming item velocity matches belt (\u22650.9\u00d7 belt speed)\n5. Withdraw arm within 0.5 seconds of release \u2014 collision zone active\n\nSorting Logic:\n- Zone A (Red label):  Fragile \u2192 slow belt, padded exit chute\n- Zone B (Blue label): Standard \u2192 normal operations\n- Zone C (Yellow):     Hazardous \u2192 sealed lane, restricted access\n- Zone D (Grey):       Returns \u2192 side spur to returns processing\n\nError Conditions:\n- ITEM_MISALIGN: Re-grip and re-place; log event\n- BELT_JAM: Stop immediately; alert maintenance; do NOT force item\n- BARCODE_FAIL: Route to manual inspection station Z9"
  },
  {
    "id": "DOC-005",
    "title": "Pre-Operation Safety Checklist",
    "category": "Safety Protocols",
    "content": "Pre-Operation Safety Checklist \u2014 Daily Startup\n\nThis checklist must be completed before any robot begins a shift.\nFailure to complete all items results in an automatic lock-out.\n\nMechanical Checks:\n\u25a1 Inspect all joint seals \u2014 no oil leaks or cracking\n\u25a1 Check gripper jaw alignment: gap deviation < 0.5 mm\n\u25a1 Verify all bolts at torque spec (torque log required weekly)\n\u25a1 Test emergency stop (E-STOP) button \u2014 must halt arm within 0.3 s\n\u25a1 Inspect cable conduits \u2014 no chafing, cuts, or exposed wires\n\nSensor Checks:\n\u25a1 LiDAR self-test: range accuracy \u00b12 cm at 5 m\n\u25a1 Camera calibration: run checkerboard test, verify <1 px reprojection error\n\u25a1 Tactile sensors: press test confirms \u00b10.05 N accuracy\n\u25a1 Tilt sensor: verify zero-point calibration on flat surface\n\u25a1 Proximity sensors: confirm 10 cm detection threshold\n\nSoftware Checks:\n\u25a1 WMS connection: ping < 50 ms\n\u25a1 Confirm latest firmware installed (check update log)\n\u25a1 Run diagnostic routine DIAG-001: all green indicators required\n\u25a1 Verify work zone boundary map loaded and matches physical barriers\n\nEnvironment Checks:\n\u25a1 Floor clear of obstacles and spills in robot travel zone\n\u25a1 All personnel clear of Zone 1 (robot operating area)\n\u25a1 Emergency lighting operational\n\u25a1 Spill kits accessible at stations S1, S3, S7\n\nSign-Off: Supervisor must digitally confirm checklist before robot activation."
  },
  {
    "id": "DOC-006",
    "title": "Emergency Stop and Incident Response Procedures",
    "category": "Safety Protocols",
    "content": "Emergency Stop and Incident Response\n\nE-STOP Activation Triggers (Automatic):\n- Human detected within 50 cm of robot arm (LiDAR + camera fusion)\n- Joint torque exceeds 110% rated maximum for > 0.1 s\n- Communication loss with WMS for > 2 s\n- Battery below 8% (emergency return to dock)\n- Fire/smoke detector signal received from warehouse system\n- Tilt > 15\u00b0 on any axis\n\nE-STOP Recovery Procedure:\n1. Identify and resolve the triggering condition\n2. Ensure all personnel are clear of robot zone\n3. Press physical RESET button on robot base (not WMS only)\n4. Run abbreviated diagnostic DIAG-002 (takes 45 s)\n5. Log incident in WMS with: time, trigger type, resolution action\n6. Supervisor must authorise restart if E-STOP triggered by human proximity\n\nCollision Incident Response:\n1. Immediately activate E-STOP manually\n2. Assess for injury \u2014 call first aid if required (+999 internal)\n3. Do NOT move robot until incident assessed by safety officer\n4. Preserve sensor logs \u2014 do not clear WMS cache\n5. Complete incident report IR-001 within 2 hours\n6. Robot must pass full DIAG-001 before returning to service\n\nFire Response:\n- Robot automatically moves to safe park position (SP-01) when fire alarm triggers\n- Do NOT attempt to retrieve robot during active fire\n- Robot enters hibernate mode; battery enters safe-discharge at 0.1 A"
  },
  {
    "id": "DOC-007",
    "title": "Human-Robot Collaboration Safety Zones",
    "category": "Safety Protocols",
    "content": "Human-Robot Collaboration (HRC) Safety Zone Definitions\n\nZone 1 \u2014 Exclusion Zone (Red, 0\u201350 cm from robot):\n- No human entry during robot operation\n- Automatic E-STOP if zone breached\n- Physical barrier (light curtain + floor marking required)\n\nZone 2 \u2014 Warning Zone (Amber, 50\u2013150 cm from robot):\n- Human entry triggers speed reduction to 0.5 m/s\n- Audible warning: beep every 0.5 s\n- Robot avoids extension towards human\n\nZone 3 \u2014 Collaboration Zone (Green, 150\u2013300 cm from robot):\n- Human-robot concurrent work permitted\n- Robot speed limited to 1.5 m/s\n- All sharp/protruding tools must be retracted\n\nZone 4 \u2014 Free Zone (> 300 cm):\n- Normal robot speed and operation\n- Standard LiDAR monitoring only\n\nShared Workspace Rules:\n- Robot always yields to human path \u2014 reroutes within 1 s\n- Eye-contact emulation via LED panel signals intent direction\n- Voice alert plays 3 s before robot enters new aisle\n- Collaborative tasks (hand-off mode) require human glove sensor pairing\n\nSafety Officer Responsibilities:\n- Review zone logs daily\n- Update zone map within 4 hours of any warehouse layout change\n- Conduct quarterly HRC drills"
  },
  {
    "id": "DOC-008",
    "title": "Battery Safety and Charging Protocols",
    "category": "Safety Protocols",
    "content": "Battery Safety and Charging Protocols\n\nBattery Specifications (Model: BAT-LFP-48V):\n- Chemistry: Lithium Iron Phosphate (LFP) \u2014 safer than Li-ion\n- Capacity: 48 V, 100 Ah (4.8 kWh)\n- Operating temperature: 5\u00b0C \u2013 45\u00b0C\n- Storage temperature: -10\u00b0C \u2013 35\u00b0C\n- Cycle life: 3,000 cycles at 80% DoD (depth of discharge)\n\nCharging Rules:\n- Only use approved charging stations (CHG-STD or CHG-FAST)\n- Fast charge (CHG-FAST): 0\u219280% in 1.5 h \u2014 use only when shift-critical\n- Standard charge (CHG-STD): 0\u2192100% in 4 h \u2014 preferred for daily cycle\n- Never charge below -5\u00b0C ambient temperature\n- Maintain 20%\u201380% state of charge for longest battery life\n- Full charge (100%) only before extended operation shifts\n\nWarning Indicators:\n- BATT_LOW (15%): Return to dock within 10 min\n- BATT_CRITICAL (8%): Immediate E-STOP; auto-dock initiated\n- BATT_HOT (> 50\u00b0C): Halt charging; alert maintenance\n- BATT_SWELL: Do NOT charge; isolate battery; call maintenance\n\nMonthly Maintenance:\n- Capacity test: full charge/discharge cycle, log capacity\n- Terminal inspection: clean corrosion with dry brush\n- BMS firmware update check"
  },
  {
    "id": "DOC-009",
    "title": "Gripper Arm Technical Specifications",
    "category": "Equipment Specifications",
    "content": "Gripper Arm Technical Specifications \u2014 Model ARM-6DOF-PRO\n\nMechanical Specifications:\n- Degrees of Freedom: 6 (3 positional + 3 rotational)\n- Reach: 1,200 mm (fully extended)\n- Minimum reach: 150 mm\n- Payload capacity:\n    Standard gripper: 25 kg\n    Reinforced gripper: 80 kg\n    Fork attachment: 150 kg\n- Positioning accuracy: \u00b10.5 mm (repeatability \u00b10.2 mm)\n- Maximum end-effector speed: 2.0 m/s (unrestricted zone)\n- Maximum joint speed: 180\u00b0/s\n\nForce and Torque:\n- Maximum grip force: 200 N (standard); 500 N (reinforced)\n- Torque sensing: all 6 joints, resolution 0.1 Nm\n- Collision detection threshold: configurable 5\u201350 N\n\nEnd-Effector Attachments (tool-change time: < 30 s):\n- GRP-STD-100: Standard parallel jaw gripper\n- GRP-SOFT-200: Foam-padded gripper for fragile items\n- GRP-REF-300: Reinforced steel gripper for heavy items\n- GRP-VAC-400: Vacuum suction (flat surfaces only, max 20 kg)\n- FRK-HVY-500: Fork attachment for palletised loads\n- CAM-VIS-600: Vision-only attachment (no gripping)\n\nElectrical:\n- Power consumption: 350 W average, 800 W peak\n- Communication: EtherCAT (1 Gbps)\n- Safety category: PLd (ISO 13849)\n\nMaintenance Schedule:\n- Daily: visual inspection, joint lubrication check\n- Weekly: torque calibration, cable inspection\n- Monthly: full joint bearing replacement check"
  },
  {
    "id": "DOC-010",
    "title": "Vision System and Camera Specifications",
    "category": "Equipment Specifications",
    "content": "Vision System Specifications \u2014 WarehouseVision v3.2\n\nCamera Hardware:\n- Primary RGB Camera: 4K (3840\u00d72160), 60 fps, FOV 90\u00b0\n- Depth Camera (ToF): range 0.3\u201310 m, accuracy \u00b11 cm at 5 m\n- Wide-angle fisheye: 180\u00b0 FOV (navigation camera)\n- Stereo pair: baseline 120 mm, for close-range depth < 0.5 m\n\nLighting:\n- Built-in IR illuminator: effective range 8 m\n- Operating: 50\u2013100,000 lux (auto-exposure)\n- Minimum for reliable detection: 50 lux (WMS alert below 30 lux)\n\nObject Detection Performance:\n- Barcode scan: up to 3 m distance, \u00b130\u00b0 angle, 99.7% read rate\n- Package size estimation: \u00b11 cm accuracy at < 2 m distance\n- Object classification: 200 ms per frame (onboard GPU)\n- Human detection: 99.9% recall at < 5 m (ISO 15066 compliant)\n\nSupported Detection Models:\n- Onboard: YOLOv8n (real-time), EfficientDet-D0\n- Cloud offload: YOLOv8x (when latency > 500 ms acceptable)\n\nCalibration:\n- Automatic recalibration: triggered daily at shift start\n- Manual calibration: use checkerboard CAL-CB-001 at 1.5 m\n- Calibration validity period: 7 days (WMS locks robot if expired)\n\nData Output:\n- 3D bounding boxes in robot base frame\n- Confidence scores per detection\n- Class labels from onboard model"
  },
  {
    "id": "DOC-011",
    "title": "Mobile Base and Navigation System Specs",
    "category": "Equipment Specifications",
    "content": "Mobile Base Specifications \u2014 Model BASE-AMR-200\n\nPhysical Dimensions:\n- Footprint: 800 mm \u00d7 600 mm\n- Height: 350 mm (without arm: 1,750 mm with arm at rest)\n- Weight: 120 kg (without payload)\n- Maximum total weight (robot + payload): 270 kg\n\nDrive System:\n- Type: 4-wheel differential drive with omnidirectional capability\n- Maximum speed: 6 km/h (unrestricted); 2 km/h (loaded Class C+)\n- Maximum slope: 10\u00b0 (8\u00b0 when carrying payload > 50 kg)\n- Turning radius: 0 mm (in-place rotation)\n- Wheel diameter: 200 mm, polyurethane tyres\n\nNavigation:\n- SLAM algorithm: LiDAR-inertial odometry (LIO-SAM)\n- LiDAR: 360\u00b0 scan, 16-beam, 10 Hz refresh, 30 m range\n- Map update frequency: real-time occupancy grid at 0.05 m resolution\n- Path planning: A* with dynamic obstacle avoidance (DWA)\n- Localisation accuracy: \u00b12 cm position, \u00b10.5\u00b0 heading\n\nCommunication:\n- WiFi 6 (802.11ax): primary WMS link\n- 4G LTE: backup link (auto-failover < 1 s)\n- Latency to WMS: < 20 ms (WiFi), < 80 ms (4G backup)\n\nFloor Requirements:\n- Maximum floor gap: 15 mm\n- Minimum aisle width: 1,200 mm (robot: 800 mm + 200 mm clearance each side)\n- Floor load rating: 500 kg/m\u00b2 required under robot path"
  },
  {
    "id": "DOC-012",
    "title": "Warehouse Management System (WMS) Integration",
    "category": "Equipment Specifications",
    "content": "WMS Integration \u2014 Robot API Reference v2.4\n\nConnection:\n- Protocol: REST API over HTTPS + WebSocket for real-time events\n- Authentication: OAuth 2.0 token (refresh every 3 600 s)\n- Endpoint base: https://wms.warehouse.local/api/v2/\n\nKey Endpoints:\nGET  /robots/{id}/status        \u2014 battery, position, task, alerts\nPOST /robots/{id}/task          \u2014 assign new pick/place task\nPOST /robots/{id}/estop         \u2014 software E-STOP (physical takes priority)\nGET  /robots/{id}/logs          \u2014 last 1 000 event log entries\nGET  /inventory/item/{barcode}  \u2014 weight, class, handling instructions\nPOST /incidents                 \u2014 submit incident report\n\nTask Payload (JSON):\n{\n  \"task_type\":  \"PICK_PLACE\",\n  \"item_id\":    \"WH-12345\",\n  \"from_loc\":   \"A3-S2\",\n  \"to_loc\":     \"C7-S1\",\n  \"priority\":   2,\n  \"handling\":   \"FRAGILE\",\n  \"weight_kg\":  4.5\n}\n\nEvent Codes (WebSocket stream):\n- EVT_001: Task assigned\n- EVT_010: E-STOP triggered (includes trigger_type field)\n- EVT_020: Battery warning\n- EVT_030: Sensor fault (includes sensor_id)\n- EVT_050: Hazmat clearance granted/revoked\n- EVT_099: Critical system fault \u2014 requires human intervention\n\nRate Limits: 100 API calls/minute per robot; burst 200/minute"
  },
  {
    "id": "DOC-013",
    "title": "Gripper Failure and Malfunction Troubleshooting",
    "category": "Troubleshooting Guides",
    "content": "Gripper Failure Troubleshooting Guide\n\nISSUE: Gripper will not close / partial closure\nPossible Causes:\n1. Obstruction in jaw mechanism \u2014 inspect visually; clear debris\n2. Actuator fault: run self-test CMD: GRIPPER_TEST_001\n3. Grip force set to 0 \u2014 check WMS force parameter\n4. Low battery affecting actuator torque \u2014 check battery level\n\nSteps:\na) Issue CMD: GRIPPER_RESET; wait 10 s\nb) If no response: power cycle gripper via breaker GB-4\nc) Run GRIPPER_TEST_001 \u2014 reports jaw force and position\nd) If test fails: replace actuator module GRP-ACT-01 (Level 2 tech)\n\nISSUE: Dropping items mid-transport\nPossible Causes:\n1. Grip force too low for item weight \u2014 recalibrate\n2. Tactile sensor drift: recalibrate via CMD: CAL_TACTILE\n3. Gripper jaw worn \u2014 measure jaw gap (should be < 0.5 mm deviation)\n4. Vibration from floor surface exceeding grip margin\n\nSteps:\na) Weigh item; verify grip force is \u2265 3\u00d7 item weight in Newtons\nb) Recalibrate tactile sensors: CMD: CAL_TACTILE (takes 2 min)\nc) Check jaw wear \u2014 replace if gap deviation > 1 mm\nd) Reduce travel speed by 30% and retest\n\nISSUE: False contact detection (gripper stops before touching item)\nCause: Tactile sensor oversensitivity \u2014 likely contamination\nFix: Clean sensors with IPA wipe; recalibrate CMD: CAL_TACTILE\n\nISSUE: Gripper overheating (temp > 70\u00b0C)\nAction: Immediate stop; allow 20 min cool-down; inspect motor brushes"
  },
  {
    "id": "DOC-014",
    "title": "Navigation and Localisation Error Troubleshooting",
    "category": "Troubleshooting Guides",
    "content": "Navigation and Localisation Troubleshooting\n\nISSUE: Robot loses position (ERR_LOCALISE_001)\nSymptoms: Robot stops, requests re-localisation; WMS shows unknown position\nCauses:\n1. LiDAR blocked or dirty\n2. Reflective surfaces causing LiDAR multipath errors\n3. Map outdated \u2014 new obstacles not yet in map\n\nSteps:\na) Check LiDAR lens \u2014 wipe with microfibre cloth if dusty\nb) CMD: RELOCALISE \u2014 robot will spin 360\u00b0 and rebuild position estimate\nc) If persistent: CMD: MAP_UPDATE to refresh occupancy grid\nd) Place robot at known fiducial marker (QR tile FM-01 or FM-02)\n   and CMD: SET_POSE_FROM_FIDUCIAL\ne) If still failing: return robot to dock; run DIAG-001 full\n\nISSUE: Robot taking inefficient/long paths\nCause: Stale obstacle map; ghost obstacles from previous runs\nFix: CMD: CLEAR_GHOST_OBSTACLES; then CMD: REROUTE\n\nISSUE: Robot colliding with dynamic obstacles\nCheck: Dynamic obstacle avoidance (DOA) module status\na) Verify camera feed is active: CMD: CAM_STATUS\nb) Increase DOA lookahead: set param DOA_LOOKAHEAD_M = 2.5\nc) Reduce max speed by 20%\n\nISSUE: WiFi disconnection causing robot to stop\na) Robot auto-reconnects within 10 s \u2014 wait before intervening\nb) If not recovered: CMD: NETWORK_RESET (physical button on base)\nc) 4G backup activates automatically if WiFi unavailable > 5 s"
  },
  {
    "id": "DOC-015",
    "title": "Sensor Fault Codes and Diagnostics",
    "category": "Troubleshooting Guides",
    "content": "Sensor Fault Codes Reference \u2014 Diagnostic Guide\n\nFAULT CODE: SEN-001 (LiDAR Scan Failure)\nSeverity: CRITICAL \u2014 robot halts\nCause: LiDAR hardware fault or spin motor failure\nAction:\n1. Check LiDAR LED: solid red = hardware fault; blinking = spin fault\n2. CMD: LIDAR_RESTART (soft restart, 30 s)\n3. If unresolved: replace LiDAR unit LD-VLP-16 (Level 3 tech only)\n4. Do NOT operate robot without functioning LiDAR\n\nFAULT CODE: SEN-002 (Camera Calibration Invalid)\nSeverity: WARNING \u2014 robot speed reduced to 1 m/s\nCause: Calibration expired or camera physically shifted\nAction: CMD: CAL_CAMERA \u2014 takes 5 min; robot must be stationary at dock\n\nFAULT CODE: SEN-003 (Tilt Sensor Fault)\nSeverity: HIGH \u2014 hazmat transport locked\nCause: Accelerometer drift or hardware fault\nAction:\n1. Place robot on confirmed flat surface\n2. CMD: CAL_TILT \u2014 zeroes tilt reference\n3. If fault persists after calibration: replace IMU module IMU-6DOF\n\nFAULT CODE: SEN-004 (Tactile Sensor Array Fault)\nSeverity: MEDIUM \u2014 fragile handling locked; heavy/standard allowed\nCause: Contamination or sensor wire damage\nAction:\n1. Visual inspection of sensor array\n2. Clean with IPA wipe; CMD: CAL_TACTILE\n3. If > 3 sensors unresponsive: replace sensor mat GRP-TAC-001\n\nFAULT CODE: SEN-010 (Battery Management System Fault)\nSeverity: CRITICAL \u2014 robot returns to dock immediately\nAction: Do NOT override; allow full BMS diagnostic; call battery technician\n\nDiagnostic Commands Summary:\n- DIAG-001: Full system diagnostic (~5 min)\n- DIAG-002: Abbreviated post-E-STOP diagnostic (~45 s)\n- DIAG-003: Sensor-only diagnostic (~2 min)"
  }
]