{
  "architecture": "MobileNetV2 Transfer Learning",
  "classes": [
    "FRAGILE",
    "HEAVY",
    "HAZARDOUS"
  ],
  "dataset_size": 900,
  "train_val_test_split": "70/15/15",
  "epochs": 20,
  "best_val_accuracy": 1.0,
  "test_metrics": {
    "accuracy": 1.0,
    "precision": 1.0,
    "recall": 1.0,
    "f1_score": 1.0,
    "test_loss": 0.3182
  },
  "per_class_accuracy": {
    "FRAGILE": 1.0,
    "HEAVY": 1.0,
    "HAZARDOUS": 1.0
  },
  "confusion_matrix": [
    [
      45,
      0,
      0
    ],
    [
      0,
      45,
      0
    ],
    [
      0,
      0,
      45
    ]
  ],
  "training_history": {
    "final_train_acc": 0.9984,
    "final_val_acc": 1.0,
    "final_train_loss": 0.3156,
    "final_val_loss": 0.2984
  }
}